{
  "ElasticNet": [
    0.013767839944075714,
    -0.01139509037653497,
    3.4646382156150084,
    -0.6419567377894174,
    0.031264275214590354,
    0.3776646751149352,
    0.02552324955336466,
    0.019367895917002574,
    -0.30583822253277704,
    -0.0,
    0.3255548345081679,
    1.0185913894968557,
    0.7449486081128069,
    -0.21569177205629095,
    -0.03798998088221016,
    0.21082997504270914,
    -0.0,
    2.6661990793937766
  ],
  "Lasso": [
    0.013767839944075714,
    -0.01139509037653497,
    3.4646382156150084,
    -0.6419567377894174,
    0.031264275214590354,
    0.3776646751149352,
    0.02552324955336466,
    0.019367895917002574,
    -0.30583822253277704,
    -0.0,
    0.3255548345081679,
    1.0185913894968557,
    0.7449486081128069,
    -0.21569177205629095,
    -0.03798998088221016,
    0.21082997504270914,
    -0.0,
    2.6661990793937766
  ],
  "Ridge": [
    0.040213133837707415,
    -0.03616567030322937,
    3.3695976508520604,
    -0.897257076855339,
    0.050301907380922106,
    0.3743940317362693,
    0.04647101212105764,
    0.04619249506062495,
    -0.36296096627495356,
    -0.007671679671080067,
    0.3379507164885151,
    1.0368760884209824,
    0.777680538508132,
    -0.24455216153906614,
    -0.060320355092004174,
    0.248103677746093,
    0.03803837770031082,
    2.501487965236659
  ]
}